Empresa,Ciudad,Departamento,Telefono,Direccion,Actividad
Agroindustrias Nuevo Horizonte Uraba Zomac S A S,CAREPA,ANTIOQUIA,3147917997,URBANIZACION LOS ALMENDROS CASA 67 Cómo llegar,Cultivo de platano y banano
Avidesa Mac Pollo S A,BOGOTA,BOGOTA,(1)3693300,CARRERA 34 19A 69 Cómo llegar,Cria de aves de corral
Colagrovet S A S,BARRANQUILLA,ATLANTICO,(5)3002389,CARRERA 46 74 16 PI 3 Cómo llegar,Actividades de apoyo a la agricultura
Comercializadora Internacional Sunshine Bouquet Colombia S A S,BOGOTA,BOGOTA,(1)7452330,VIA A COTA KM 4 Cómo llegar,Cultivo de flor de corte
Avidesa De Occidente S A,BUGA,VALLE,(2)3923010,VIA BUGA TULUA KILOMETRO 3 Cómo llegar,Cria de aves de corral
Campollo S A S,FLORIDABLANCA,SANTANDER,(7)6977830,LUGAR KILOMETRO 2 176 ANILLO VIAL Cómo llegar,Cria de aves de corral
Agropecuaria Aliar S A,FLORIDABLANCA,SANTANDER,(7)6186888,CALLE 29 25 72 CENTRO COMERCIAL CANAVERAL EDIFICIO URBANAS PISO 3 Y 4 Cómo llegar,Cria de ganado porcino
Incubadora Santander S A,PIEDECUESTA,SANTANDER,(7)6430036,CARRERA 15 3 A N 50 TORRE EMPRESARIAL CENTRO COMERCIAL DELACUESTA ACCESO TRES PISO 10 Cómo llegar,Cria de aves de corral
Distribuidora Avicola S A S,GIRON,SANTANDER,(7)6797970,CARRERA 17 60 170 AUTOPISTA PALENQUE CHIMITA Cómo llegar,Cria de aves de corral
Avicola Los Cambulos S A,BOGOTA,BOGOTA,(1)7470401,CALLE 10 A 68 B 26 Cómo llegar,Cria de aves de corral
Empolladora Colombiana S A,BOGOTA,BOGOTA,(1)7442840,CALLE 110 9 25 OF 1711 Cómo llegar,Cria de aves de corral
Servicios Agricolas Del Risaralda S A S,LA VIRGINIA,RISARALDA,(6)3679230,CALLE 13 7 A 17 BARRIO BALSILLAS Cómo llegar,Cultivo de caña de azucar
Avicola Colombiana S A Avicol,BOGOTA,BOGOTA,(1)3003145,CALLE 26 68 C 61 OF 527 TO DAVIVIENDA Cómo llegar,Cria de aves de corral
Flores El Capiro S A,MEDELLIN,ANTIOQUIA,(4)4489310,CALLE 11 A 31 A 89 OF 602 Cómo llegar,Cultivo de flor de corte
Comercializadora Internacional Antillana S A C I Antillana S A,CARTAGENA,BOLIVAR,(5)6932427,VIA MAMONAL 1 274 ALBORNOZ Cómo llegar,Pesca maritima
Pollo Olimpico S A,BOGOTA,BOGOTA,(1)7562000,CARRERA 79 D 16 C 51 Cómo llegar,Cria de aves de corral
Santa Reyes S A S,BOGOTA,BOGOTA,(1)2264161,AVENIDA SUBA 103B 21 Cómo llegar,Cria de otros animales n c p
Jardines De Los Andes Sas,BOGOTA,BOGOTA,(1)3238040,AVENIDA CARRERA 19 97 31 OF 206 Cómo llegar,Cultivo de flor de corte
Agricola Santamaria S A S,APARTADO,ANTIOQUIA,(4)3197060,LUGAR SALIDA HACIA TURBO BODEGAS TROPYCENTRO APARTADO KILOMETRO 1 Cómo llegar,Cultivo de platano y banano
Pic Colombia S A S,ENVIGADO,ANTIOQUIA,3104261229,CARRERA 48 26 SUR 181 LC 101 Cómo llegar,Cria de ganado porcino
Mg Consultores S A S,BOGOTA,BOGOTA,(1)3222725,CALLE 19 5 30 OF 2201 EDIFICIO BD BACATA Cómo llegar,Cultivo de flor de corte
Agroindustrial San Jose S A Agrinsa,MANIZALES,CALDAS,(6)8812292,CARRERA 27 49 25 BARRIO EL CAMPIN Cómo llegar,Cria de aves de corral
Avimol S A S,BUCARAMANGA,SANTANDER,(7)6468478,AVENIDA GONZALEZ VALENCIA 54 78 Cómo llegar,Cria de aves de corral
Agricola Himalaya S A,YUMBO,VALLE,3122713106,CALLE 15 31 A 19 BODEGAS 1 2 Y 3 Cómo llegar,Cultivo de plantas con las que se preparan bebidas
C I Piscicola Botero S A,BOGOTA,BOGOTA,(1)8007056,CARRERA 68 B 24 A 64 TORRE 2 802 Cómo llegar,Acuicultura de agua dulce
Agroinversiones Bananeras Del Caribe S A S,SANTA MARTA,MAGDALENA,(5)4358330,TRANSVERSAL DEL CARIBE LC 7 Cómo llegar,Cultivo de platano y banano
Empresa Colombiana Agropecuaria Sas,BOGOTA,BOGOTA,(1)3481560,CALLE 62 21 21 Cómo llegar,Otros cultivos permanentes n c p
Avicola Santa Rita S A S,CALI,VALLE,(2)4423343,CALLE 54 9 36 BODEGA 3 Cómo llegar,Cria de aves de corral
C I Maxiflores S A S,BOGOTA,BOGOTA,(1)8246004,CALLE 30 A 6 22 OF 3101 Cómo llegar,Cultivo de flor de corte
Setas Colombianas Setas S A,MEDELLIN,ANTIOQUIA,(4)3117315,CARRERA 43 A 1 A SUR 143 PISO 6 TORRE NORTE ED SANTILLANA Cómo llegar,Cultivo de hortalizas raices y tuberculos
Gestiones Y Representaciones Chia Sas,BOGOTA,BOGOTA,(1)3222725,CALLE 19 5 30 OF 2201 ED BD BACATA Cómo llegar,Actividades de apoyo a la agricultura
Kakaraka S A S,ITAGUI,ANTIOQUIA,3122962984,CALLE 85 50 50 BG 107 Cómo llegar,Cria de aves de corral
Flores La Mana S A S,BOGOTA,BOGOTA,(1)3222725,CALLE 19 5 30 OF 2201 EDIFICIO BD BACATA Cómo llegar,Cultivo de flor de corte
Comercializadora Internacional Flores De Funza S A S,BOGOTA,BOGOTA,(1)4320340,CALLE 72 10 07 OF 601 Cómo llegar,Cultivo de flor de corte
Palmeras De La Costa S A,BARRANQUILLA,ATLANTICO,(5)3100110,CALLE 75 CR 59 69 Cómo llegar,Cultivo de palma para aceite (palma africana) y otros frutos oleaginosos
C I Calla Farms S A S,RIONEGRO,ANTIOQUIA,(4)4600464,VEREDA EL HIGUERON Cómo llegar,Cultivo de flor de corte
Maria Eugenia Velasco De Acevedo Y Compania Sas,CALI,VALLE,3186954819,CARRERA 8 11 65 OF 201 Cómo llegar,Cultivo de caña de azucar
Fantasy Flowers S A S,BOGOTA,BOGOTA,(1)3222725,CALLE 19 5 30 OF 2201 EDIFICIO BD BACATA Cómo llegar,Cultivo de flor de corte
Cooperativa De Cafeteros Del Oriente,QUINDIO,CALLE 19 15 66 Cómo llegar,ARMENIA,8010019684,ORGANIZACION DE ECONOMIA SOLIDARIA
Semillas Valle S A,YUMBO,VALLE,(2)6668139,CARRERA 34 14 156 ACOPI YUMBO Cómo llegar,Cultivo de cereales (excepto arroz) legumbres y semillas oleaginosas
Cooperativa De Comercio Agropecuario,CARTAGO,VALLE,(2)2123733,CARRERA 2 3 49 Cómo llegar,Ganaderia
La Gaitana Farms Sas,COTA,CUNDINAMARCA,(1)4017000,VIA TENJO KM 3 Cómo llegar,Cultivo de flor de corte
Agropecuaria Alfa S A S,BOGOTA,BOGOTA,(1)4461066,CARRERA 63 14 75 Cómo llegar,Explotacion mixta (agricola y pecuaria)
Extractora Palmariguani S A,BARRANQUILLA,ATLANTICO,(5)3589250,CARRERA 54 75 45 LC 3 Cómo llegar,Cultivo de palma para aceite (palma africana) y otros frutos oleaginosos
Flexport De Colombia S A S,BOGOTA,BOGOTA,(1)4320340,CALLE 72 10 07 OF 601 Cómo llegar,Cultivo de flor de corte
Pardo Carrizosa Navas S A S,BOGOTA,BOGOTA,(1)3222725,CALLE 19 5 30 OF 2201 EDIFICIO BD BACATA Cómo llegar,Cultivo de flor de corte
Agropecuaria Tabaida S A S,MONTERIA,CORDOBA,(4)6041450,CARRERA 6 62 B 32 OF 405 ED SEXTA AVENIDA BRR CASTELLANA Cómo llegar,Explotacion mixta (agricola y pecuaria)
Angleton Group S A S,MEDELLIN,ANTIOQUIA,(4)3537128,CARRERA 25 1 A SUR 155 EDIFICIO PLATINUM SUPERIOR OF 1856 Cómo llegar,Explotacion mixta (agricola y pecuaria)
Bananeras De Uraba S A S,MEDELLIN,ANTIOQUIA,(4)5608350,CALLE 4 SUR 43 A 195 OFICINA 205 Cómo llegar,Cultivo de platano y banano
Compania Aero Agricola Integral S A S,CAREPA,ANTIOQUIA,(4)8243218,VIA EMBARCADERO PREDIO SAN SEBASTIAN KM 7 Cómo llegar,Actividades de apoyo a la agricultura
Consorcio Agricola Buenos Aires S A S,BOGOTA,BOGOTA,(1)2669536,CALLE 127 A 71 B 89 AP 302 BRR NIZA Cómo llegar,Cultivo de arroz
Piscano S A S,CALI,VALLE,(2)6594043,AVENIDA 6 A BIS 35 100 OF 712 Cómo llegar,Actividades de apoyo a la agricultura
Agrocerdos S A,PEREIRA,RISARALDA,(6)3272321,CARRERA 15 138 25 OF 209 EDIF ADMTVO CENTRO LOGISTICO EJE Cómo llegar,Cria de ganado porcino
Sociedad Agropecuaria La Gaira S A S,MEDELLIN,ANTIOQUIA,(4)4310405,CALLE 9 43 A 33 INT 314 Cómo llegar,Cultivo de platano y banano
Cultivos Casablanca S A S,BOGOTA,BOGOTA,(1)3222725,CALLE 19 5 30 OF 2201 EDIFICIO BD BACATA Cómo llegar,Cultivo de flor de corte
Geoflora S A S,BOGOTA,BOGOTA,3123210403,CALLE 95 71 31 T 4 APTO 1401 PARQUE CENTRAL PONTEVEDRA Cómo llegar,Cultivo de flor de corte
Flores De San Alejo S A S,TENJO,CUNDINAMARCA,3175679040,FINCA SAN ALEJO PUENTE PIEDRA PREDIO AYMARA Cómo llegar,Cultivo de flor de corte
Inversiones Tribilin S A S,ITAGUI,ANTIOQUIA,(4)4030080,CALLE 27 41 189 Cómo llegar,Cria de ganado porcino
Snf S A S,BOGOTA,BOGOTA,(1)3222725,CALLE 19 5 30 OF 2201 ED BD BACATA Cómo llegar,Cultivo de flor de corte
Salamanca Oleaginosas S A,CALI,VALLE,(2)5561183,CALLE 4 27 79 Cómo llegar,Cultivo de palma para aceite (palma africana) y otros frutos oleaginosos
Luker Agricola S A S,MANIZALES,CALDAS,(6)8879510,CARRERA 23 64 B 33 OF 601 Cómo llegar,Cultivo de palma para aceite (palma africana) y otros frutos oleaginosos
Agrovar S A S,BOGOTA,BOGOTA,3125849570,AVENIDA 19 118 30 OFICINA 609 Cómo llegar,Explotacion mixta (agricola y pecuaria)
Ball Colombia Ltda,BOGOTA,BOGOTA,(1)2182861,AVENIDA 82 7 22 OFICINA 101 201 Cómo llegar,Otros cultivos transitorios n c p
Agropecuaria La Tagua S A S,BOGOTA,BOGOTA,(1)3174700,CARRERA 9 77 67 OF 701 Cómo llegar,Cultivo de palma para aceite (palma africana) y otros frutos oleaginosos
Bananera De Exportacion S A,SANTA MARTA,MAGDALENA,(5)4217544,CARRERA 1 C 22 58 OFICINA 702 EDIFICIO BAHIA CENTRO Cómo llegar,Cultivo de platano y banano
Servicios Agricolas Y Pecuarios S A,ZARZAL,VALLE,3104014630,CARRERA 5 15 99 Cómo llegar,Cultivo de caña de azucar
Comercializadora De Pollos Santa Ana S A S,BOGOTA,BOGOTA,(1)5238043,TRANSVERSAL 60 115 58 CENTRO ILARCO TORRE C OFICINA 409 Cómo llegar,Cria de aves de corral
Cooperativa De Porcicultores Del Eje Cafetero,PEREIRA,RISARALDA,(6)3116565,LUGAR MERCASA EDIFICIO ADMINISTRATIVO OFICINA 403 Cómo llegar,Cria de ganado porcino
Porcival Colombia S A S,YUMBO,VALLE,(2)6933365,CALLE 15 32 450 Cómo llegar,Cria de ganado porcino
Frutales Las Lajas S A,ZARZAL,VALLE,3113298715,LUGAR KM 1 VIA ZARZAL CARTAGO Cómo llegar,Cultivo de frutas tropicales y subtropicales
Agropecuaria Cima S A S,CALI,VALLE,3105046836,CALLE 13 OESTE 1 45 Cómo llegar,Cultivo de caña de azucar
Mongibello S A S,CHIA,CUNDINAMARCA,(1)8625177,LUGAR HACIENDA MONGIBELLO VEREDA LA BALSA Cómo llegar,Cultivo de flor de corte
Avicola San Martin S A,EL SANTUARIO,ANTIOQUIA,3152889930,VEREDA VARGAS GRANJA LOS GALPONES Cómo llegar,Cria de aves de corral
Melody Flowers S A S,BOGOTA,BOGOTA,(1)3222725,CALLE 19 5 30 OF 2201 EDIFICIO BD BACATA Cómo llegar,Cultivo de flor de corte
Inversiones Casagrande S A S,ENVIGADO,ANTIOQUIA,3104079040,CALLE 36A SUR 46 A 81 OF 204 Cómo llegar,Cultivo de platano y banano
Castilla Cosecha S A S,CALI,VALLE,(2)3920300,CALLE 35 NTE 6 A BIS 100 CENTRO EMPRESARIAL SANTA MONICA Cómo llegar,Actividades de apoyo a la agricultura
Agricola El Redil S A S,BOGOTA,BOGOTA,(1)8660242,CARRERA 8 D 191 15 TORRE 2 APTO 207 Cómo llegar,Cultivo de flor de corte
Servicios Administrativos Bananeros S A S,SANTA MARTA,MAGDALENA,(5)4329900,VIA GAIRA KM 2 Cómo llegar,Actividades de apoyo a la agricultura
C I Fillco Flowers S A S,ZIPAQUIRA,CUNDINAMARCA,(1)8829218,VEREDA PASO ANCHO FCA SANTA ANA 2 KM VIA ZIPAQUIRA BRICEÃO Cómo llegar,Cultivo de flor de corte
Palmas Oleaginosas De Casacara Ltda,BARRANQUILLA,ATLANTICO,(5)3692456,CARRERA 59 75 47 Cómo llegar,Cultivo de palma para aceite (palma africana) y otros frutos oleaginosos
Colombiana De Aves S A Colaves,GIRON,SANTANDER,3138878554,CALLE 58 8 65 LC 18 KM 6 AUT GIRON Cómo llegar,Cria de aves de corral
Darwin Colombia Sas,TENJO,CUNDINAMARCA,(1)4899777,VEREDA CARRASQUILLA Cómo llegar,Propagacion de plantas (actividades de los viveros excepto viveros forestales)
Serviforestal S A,BUGA,VALLE,(2)2371510,CALLE 15 29 08 Cómo llegar,Silvicultura y otras actividades forestales
Flores De La Hacienda S A S,BOGOTA,BOGOTA,3143582210,CARRERA 7 A 95 03 P 6 Cómo llegar,Cultivo de flor de corte
Plantaciones La Paz Sas,BOGOTA,BOGOTA,(1)7446063,AVENIDA CARRERA 9 115 06 30 OF 2102 Cómo llegar,Cultivo de palma para aceite (palma africana) y otros frutos oleaginosos
Palmas Oleaginosas De Santander S A S,BOGOTA,BOGOTA,(1)6915710,CARRERA 17 88 12 OF 302 Cómo llegar,Cultivo de palma para aceite (palma africana) y otros frutos oleaginosos
Cultivos La Planicie Sas,BOGOTA,BOGOTA,(1)3222725,CALLE 19 5 30 OF 2201 ED BD BACATA Cómo llegar,Cultivo de flor de corte
Agricola Don Said S A S,SANTA MARTA,MAGDALENA,(5)4329900,VIA CARR TRONCAL DEL CARIBE KM 2 Cómo llegar,Cultivo de platano y banano
Sociedad Avicola El Tabacal S A S,BOGOTA,BOGOTA,(1)6203115,CARRERA 17 120 05 PISO 4 Cómo llegar,Cria de aves de corral
Promotora Porcina S A S,MEDELLIN,ANTIOQUIA,(4)3360172,CARRERA 25 B 36 AA SUR 151 Cómo llegar,Cria de ganado porcino
Nido Del Jabali S A S,APARTADO,ANTIOQUIA,(4)8282386,LUGAR APARTADO KM 1 SALIDA HACIA TURBO BODEGAS TROPYCENTRO Cómo llegar,Cultivo de platano y banano
Servicios Agricolas Duque Lasso Sas,CALI,VALLE,(2)3087494,CALLE 45 71 05 Cómo llegar,Cultivo de caña de azucar
Agricolombia S A S,BOGOTA,BOGOTA,(1)4780975,CALLE 72 9 55 OF 504 Cómo llegar,Cultivo de palma para aceite (palma africana) y otros frutos oleaginosos
Luisiana Farms S A S,BOGOTA,BOGOTA,(1)5207133,CALLE 109 N 18 C 17 OFICINA 616 Cómo llegar,Cultivo de flor de corte
Flores Ubate S A S,BOGOTA,BOGOTA,(1)3222725,CALLE 19 5 30 OF 2201 EDIFICIO BD BACATA Cómo llegar,Cultivo de flor de corte
Federica S A S,SANTA MARTA,MAGDALENA,3157068325,VIA GAIRA ZONA INDUSTRIAL BURECHE KM 5 Cómo llegar,Cultivo de platano y banano
Agropecuaria San Gabriel Sas,SANTA MARTA,MAGDALENA,(5)4201528,VIA GAIRA KM 2 Cómo llegar,Cultivo de platano y banano
C I Flores Carmel S A S,RIONEGRO,ANTIOQUIA,3136527152,VEREDA TRES PUERTAS Cómo llegar,Cultivo de flor de corte
Compania Pecuaria Agricola S A S,MEDELLIN,ANTIOQUIA,(4)3201820,CALLE 4 SUR 43 AA 30 OFICINA501 Cómo llegar,Cultivo de frutas tropicales y subtropicales
Aves Emaus Sas,RETIRO,ANTIOQUIA,(4)4448053,VEREDA DON DIEGO Cómo llegar,Cria de aves de corral
Cana De Azucar Y Cereales S A,CALI,VALLE,(2)2258925,CALLE 22 NTE 4 56 OF 105 Cómo llegar,Cultivo de caña de azucar
Flores El Rebano S A S,BOGOTA,BOGOTA,(1)6371479,CALLE 117 6 56 Cómo llegar,Cultivo de flor de corte
Palmiagro Del Norte S A S,TIBU,NORTE SANTANDER,3112810386,CALLE 1 10 49 CORREG CAMPO DOS BARRIO EL PROGRESO Cómo llegar,Cultivo de palma para aceite (palma africana) y otros frutos oleaginosos
Agroasesorias El Cencerro S A S,CALI,VALLE,(2)3169769,CARRERA 100 5 169 TO OASIS UNICENTRO OF 412 B Cómo llegar,Cultivo de caña de azucar
Palmeras La Carolina S A,BOGOTA,BOGOTA,(1)7477177,CARRERA 7 180 75 MODULO 1 LC 10 Y 11 Cómo llegar,Cultivo de palma para aceite (palma africana) y otros frutos oleaginosos
Best Farms S A S,TOCANCIPA,CUNDINAMARCA,3204922090,VEREDA LA FUENTE Cómo llegar,Cultivo de flor de corte
Ms Timberland Holdings Limited,MEDELLIN,ANTIOQUIA,(4)6040433,CARRERA 43 A 5 A 113 TORRE SUR PISO 14 Cómo llegar,Servicios de apoyo a la silvicultura
Reforestadora Cumare Sas,BOGOTA,BOGOTA,(1)3257300,CARRERA 7 113 16 OF 504 Cómo llegar,Silvicultura y otras actividades forestales
Agropecuaria El Porfin Y Compania S En C,BOGOTA,BOGOTA,(1)7443616,AUTOPISTA SUR 66 78 LOCAL C15 Y C16 CENTRAL DE CARNES GUADAL Cómo llegar,Cria de ganado porcino
Inversiones Y Parcelaciones Del Meta Sociedad Por Acciones Simplificadas,BOGOTA,BOGOTA,(1)3176468,CALLE 81 A 8 57 PISO 2 Cómo llegar,Cultivo de palma para aceite (palma africana) y otros frutos oleaginosos
Asociacion De Usuarios Del Distrito De Adecuacion De Tierras De Los Rios Coello Y Cucuana Usocoello,ESPINAL,TOLIMA,(8)2484306,CALLE 8 6 31 Cómo llegar,Actividades de apoyo a la agricultura
Las Brisas Agropecuarias S En C,NEIVA,HUILA,(8)8731560,LUGAR HACIENDA LAS BRISAS VIA TELLO NEIVA Cómo llegar,Acuicultura de agua dulce
C I Gold Land S A S,BARRANQUILLA,ATLANTICO,(5)3112680,CARRERA 51 B 87 50 LC 501 PI 5 CE Cómo llegar,Actividades de apoyo a la ganaderia
Inversionistas Santorini S A S,MEDELLIN,ANTIOQUIA,(4)3228312,CARRERA 43 A 14 57 OF 913 Cómo llegar,Cria de ganado bovino y bufalino
Inversiones Gomez Jaramillo S A S,MEDELLIN,ANTIOQUIA,(4)2681846,CARRERA 43 A 14 27 OFICINA 110 Cómo llegar,Cultivo de platano y banano
Oro Molido S A,ITAGUI,ANTIOQUIA,(4)4487320,CALLE 85 48 1 BL 31 OFICINA 818 Cómo llegar,Cultivo de cafe
Flores Rionegro S A,RIONEGRO,ANTIOQUIA,(4)5619788,VEREDA VILACHUAGA FCA VILACHUAGA Cómo llegar,Cultivo de flor de corte
H F De Colombia S A,CALI,VALLE,3164825073,CALLE 38 A NTE 4 11 Cómo llegar,Cria de aves de corral
Compania Bananera S A S,SANTA MARTA,MAGDALENA,(5)4215217,CARRERA 2 B 14 21 OFICINA 902 ED DE LOS BANCOS Cómo llegar,Cultivo de platano y banano
El Caimito S A S,CALI,VALLE,(2)2883119,LUGAR HC EL CASTILLO KM 21 VIA CALI JAMUNDI Cómo llegar,Cultivo de caña de azucar
Empresa Reforestadora El Libano S A S,ANDES,ANTIOQUIA,3103708970,CARRERA 56 C 57 07 Cómo llegar,Silvicultura y otras actividades forestales
Makand S A S,MOSQUERA,CUNDINAMARCA,(1)8292896,PARQUE DE LA SABANA LOCAL 12 Cómo llegar,Cultivo de hortalizas raices y tuberculos
Servicios De Fumigacion Aerea Garay S A S,CAREPA,ANTIOQUIA,(4)5138012,LUGAR CONJUNTO RESIDENCIAL LOS ALMENDROS Cómo llegar,Actividades de apoyo a la agricultura
Banaeva S A S,SANTA MARTA,MAGDALENA,(5)4329900,VIA GAIRA KM 2 Cómo llegar,Cultivo de platano y banano
Flores De La Victoria S A S,CARMEN DE VIBORAL,ANTIOQUIA,3117713563,VIA EL CARMEN KM 4 Cómo llegar,Cultivo de flor de corte
Vargas Sanchez S A S,CALI,VALLE,3136718962,CARRERA 118 4 220 CS 8 ALTOS DE LA COLINA Cómo llegar,Cria de aves de corral
Vuelven S A S,CHIA,CUNDINAMARCA,3208302485,LUGAR KM 1 5 VIA CHIA CAJICA COSTADO OCC OXUS CENTRO EMPRESARIAL OFC 51 Cómo llegar,Cultivo de flor de corte
Proteinovo S A S,PEREIRA,RISARALDA,3148881875,CARRERA 21 20 12 Cómo llegar,Cria de aves de corral
Maderas Marco Aurelio Zuluaga Sa,BUENAVENTURA,VALLE,(2)2412196,CALLE 3A SUR 17 F 16 Cómo llegar,Extraccion de madera
Cersabana Sas,BOGOTA,BOGOTA,3118474298,AUTOPISTA SUR 66 78 LOCAL A1 A2 Cómo llegar,Cria de ganado porcino
Flores El Zorro Ltda,EL ROSAL,CUNDINAMARCA,3184153987,AUTOPISTA M LLIN KM 17 Cómo llegar,Cultivo de flor de corte
Daflor S A S,EL ROSAL,CUNDINAMARCA,(1)8240798,LUGAR 600 MTS DEL ROSAL VIA SUBACHOQUE Cómo llegar,Cultivo de flor de corte
Agropecuaria Montreal S A S,SANTA MARTA,MAGDALENA,(5)4329900,TRANSVERSAL DEL CARIBE ZONA INDUSTRIAL Cómo llegar,Cultivo de platano y banano
Agrojar S A S,JARDIN,ANTIOQUIA,(4)8455190,CALLE 10 2 25 Cómo llegar,Otros cultivos transitorios n c p
Agroindustrial Don Eusebio S A S,BOGOTA,BOGOTA,3102236019,CARRERA 11 82 01 PISO 5 Cómo llegar,Cultivo de flor de corte
Agroindustriales El Horizonte S A S,SAN ALBERTO,CESAR,3185312710,CARRERA 4 6 80 OFICINA 3 BARRIO EL CENTRO Cómo llegar,Cultivo de palma para aceite (palma africana) y otros frutos oleaginosos
Sociedad Colombiana De Expansion Agropecuaria S A Soceagro S A,BOGOTA,BOGOTA,(1)3762069,CALLE 67 7 94 OF 504 Cómo llegar,Cultivo de arroz
Eshkol Premium S A S,LA CEJA,ANTIOQUIA,(4)4442376,VEREDA LAS LOMITAS Cómo llegar,Cultivo de especias y de plantas aromaticas y medicinales
Wayuu Flowers S A S,BOGOTA,BOGOTA,(1)3222725,CALLE 19 5 30 OF 2201 EDIFICIO BD BACATA Cómo llegar,Cultivo de flor de corte
Cultivos Del Darien S A,APARTADO,ANTIOQUIA,3215963871,URBANIZACION UBERABA CASA 51 BARRIO UBERABA Cómo llegar,Cultivo de hortalizas raices y tuberculos
Industrias La Cabana S A,RIOSUCIO,CALDAS,(6)8592696,CALLE 11 6 28 Cómo llegar,Cria de aves de corral
Porcicola Zaragoza S A S,CARTAGO,VALLE,3113402851,CALLE 11 5 29 OF 305 Cómo llegar,Cria de ganado porcino
Fibras Del Interior S A,GUAMO,TOLIMA,3118099669,LUGAR KM 11 VIA ESPINAL GUAMO Cómo llegar,Actividades de apoyo a la agricultura
Agropecuaria El Gran Cedro S A S,APARTADO,ANTIOQUIA,(4)8280873,CALLE 100 A 96 83 BARRIO CHINITA Cómo llegar,Cultivo de platano y banano
Inversiones Agroganaderas Os S A S,ITAGUI,ANTIOQUIA,(4)3717172,CARRERA 52 49 64 Cómo llegar,Cria de ganado bovino y bufalino
Inversiones Lukaro Sas,VILLAVICENCIO,META,3153665567,CALLE 27 38 90 Cómo llegar,Cultivo de arroz
G Y G Golden Investment Sas,CALI,VALLE,(2)5240130,CARRERA 56 13 C 103 PI 3 Cómo llegar,Cria de ganado bovino y bufalino
Agricola San Riomar S A S,APARTADO,ANTIOQUIA,(4)8288282,CARRERA 109 C 100 15 ED OCEA OF 01 Cómo llegar,Cultivo de platano y banano
Agriservicios Del Valle S A S,ZARZAL,VALLE,3103864470,CALLE 13 4 06 CORR LA PAILA Cómo llegar,Actividades de apoyo a la agricultura
Reforestadora Del Sinu Sucursal Colombia,BOGOTA,BOGOTA,(1)3257300,CARRERA 7 71 52 TO A Cómo llegar,Silvicultura y otras actividades forestales
Japio Garces Y Compania S C A,CALI,VALLE,3117204346,CARRERA 100 16 20 502 O Cómo llegar,Cultivo de caña de azucar
Canali S A S,SANTA MARTA,MAGDALENA,(5)4329900,VIA GAIRA KM 2 Cómo llegar,Cultivo de platano y banano
Inversiones Alitos Sas,SANTA MARTA,MAGDALENA,(5)4329900,VIA GAIRA KM 2 Cómo llegar,Cultivo de platano y banano
Semillas Elite De Palma Para Las Americas Sas,BOGOTA,BOGOTA,(1)7449089,CARRERA 9 74 08 OF 208 Cómo llegar,Cultivo de palma para aceite (palma africana) y otros frutos oleaginosos
Yasa S A S,COTA,CUNDINAMARCA,(1)5185634,CALLE 80 1 5 VIA SIBERIA PARQUE AGROINDUSTRIAL DE OCCI Cómo llegar,Cultivo de flor de corte
Inversiones Rodriguez Ruiz R R S A S,VENTAQUEMADA,BOYACA,3124810030,CARRERA 5 5 72 BARRIO CENTRO Cómo llegar,Explotacion mixta (agricola y pecuaria)
Exfor S A S,RIOSUCIO,CALDAS,3137579704,CALLE 9 11 A 50 Cómo llegar,Servicios de apoyo a la silvicultura
Unique Collection S A S,BOGOTA,BOGOTA,(1)7452330,VIA COTA KM 4 Cómo llegar,Cultivo de flor de corte
Agricola Las Azores Sas,MEDELLIN,ANTIOQUIA,(4)4440009,CARRERA 43 A 19 17 P 12 Cómo llegar,Cultivo de platano y banano
Agricola Circasia S A S,CHIA,CUNDINAMARCA,3208302485,LUGAR KM 1 5 VIA CHIA CAJICA COSTADO OCC OXUS CENTRO EMPRESARIAL OFC 51 Cómo llegar,Cultivo de flor de corte
Servicios Agromecanicos De Occidente S A S Serviagro,PALMIRA,VALLE,(2)5222008,CALLE 10 16 309 CORR LA TORRE Cómo llegar,Actividades de apoyo a la agricultura
Forestal Monterrey Colombia S A S,BARRANQUILLA,ATLANTICO,3102512405,CALLE 77 B CR 57 103 OF1902 Cómo llegar,Otros cultivos permanentes n c p
Avofresh Colombia Zomac S A S,URRAO,ANTIOQUIA,3164300942,LUGAR KM 15 VDA LA CARTAGENA URRAO Cómo llegar,Cultivo de frutas tropicales y subtropicales
Pollo Plus C I S A,BUCARAMANGA,SANTANDER,3174336064,CALLE 37 8 23 Cómo llegar,Cria de aves de corral
Agmo Sas,BOGOTA,BOGOTA,(1)6919932,CARRERA 15 79 76 OF 301 Cómo llegar,Cultivo de cereales (excepto arroz) legumbres y semillas oleaginosas
Angela Serrano De Quintero E Hijos Sca,BUCARAMANGA,SANTANDER,3138878451,CARRERA 29 40 53 Cómo llegar,Explotacion mixta (agricola y pecuaria)
Agropecuaria Yerbazal S A,MEDELLIN,ANTIOQUIA,3116156296,CARRERA 77 33A 83 Cómo llegar,Cultivo de platano y banano
Servicios Cartama S A S Zomac Bic,ANSERMA,CALDAS,3146201893,LUGAR SALIDA A SALAMINA VDA BELLA VISTA Cómo llegar,Cultivo de frutas tropicales y subtropicales
Guamito S A S,MEDELLIN,ANTIOQUIA,(4)5538331,CARRERA 35 15 B 143 P 6 OF 604 Cómo llegar,Cultivo de flor de corte
Agroganaderos Del Valle Sas,CALI,VALLE,(2)4891651,CARRERA 100 11 90 TO FARALLONES HOLGUINES OF 709 Cómo llegar,Cria de ganado porcino
Autogestion Cta,VALLE,CARRERA 33 22 22 Cómo llegar,TULUA,9003355874,ORGANIZACION DE ECONOMIA SOLIDARIA
Sinefi Sas,BOGOTA,BOGOTA,(1)6165520,CALLE 95 11 A 37 OF 307 EDIFICIO OXFORD CENTER Cómo llegar,Cultivo de arroz
Pro Oriente S A S,BOGOTA,BOGOTA,(1)6575855,CALLE 116 7 15 IN 2 PI 17 Cómo llegar,Silvicultura y otras actividades forestales
Inversiones Maraiba S A S,MEDELLIN,ANTIOQUIA,(4)2040338,CALLE 43 A 16 A SUR 38 OF 803 Cómo llegar,Cultivo de platano y banano
Super Porki S A S,GIRARDOTA,ANTIOQUIA,3122235378,VEREDA JUAN COJO FCA EL MAGUEY MANANTIALES Cómo llegar,Cria de ganado porcino
Gonavi S A S,CALI,VALLE,3164825073,CALLE 38 A NTE 4 11 BARRIO LA FLORA Cómo llegar,Cria de aves de corral
Corredor Lopez S A S,BOGOTA,BOGOTA,(1)6370365,CALLE 112 N 47 A 97 Cómo llegar,Cria de ganado porcino
Teo Farms S A S,BOGOTA,BOGOTA,(1)8573472,AVENIDA SUBA 106 A 28 OF 302 Cómo llegar,Cultivo de flor de corte
Banhamburgo S A S,SANTA MARTA,MAGDALENA,(5)4212847,CALLE 24 3 99 ED BANCO DE BOGOTA OF 1501 Cómo llegar,Cultivo de platano y banano
Inversiones Sinai S A S,MEDELLIN,ANTIOQUIA,3174049701,CALLE 10 42 45 OFICINA 513 EDIFICIO LA PLAZA DEL POBLADO Cómo llegar,Cria de ganado bovino y bufalino
Asociacion De Usuarios Del Distrito De Adecuacion De Tierras De Gran Escala Del Rio Zulia,CUCUTA,NORTE SANTANDER,(7)5829575,VEREDA LA FLORESTA CORREGIMIENTO DE BUENA ESPERANZA Cómo llegar,Explotacion mixta (agricola y pecuaria)
Perez Parra Carnes La Hacienda S A S,IBAGUE,TOLIMA,3176361055,CALLE 21 4 52 58 Cómo llegar,Cria de ganado bovino y bufalino
Comercial Floresta S A S,BOGOTA,BOGOTA,(1)3003410,CALLE 100 8 A 37 TO A OF 806 Cómo llegar,Cria de ganado porcino
La Corsaria S A S,BOGOTA,BOGOTA,(1)6725806,CALLE 98 70 91 OFICINA 605 Cómo llegar,Cultivo de especias y de plantas aromaticas y medicinales
Coralce Sas,SANTANDER DE QUILICHAO,CAUCA,3163091962,CALLE 5 20 83 BRR MORALES DUQUE Cómo llegar,Cultivo de caña de azucar
Inverbosques S A,ENVIGADO,ANTIOQUIA,(4)3221348,CALLE 26 SUR 22 27 Cómo llegar,Silvicultura y otras actividades forestales
Comercializadora Sicomoro S A S,BOGOTA,BOGOTA,(1)2869131,CARRERA 7 93 A 35 TO A AP 605 Cómo llegar,Cultivo de palma para aceite (palma africana) y otros frutos oleaginosos
Huevo Delicias Group S A S,MEDELLIN,ANTIOQUIA,(4)5577468,CALLE 50 B 39 10 Cómo llegar,Cria de aves de corral
Grupo Megag S A S,BOGOTA,BOGOTA,(1)7954680,CALLE 81 19 A 31 Cómo llegar,Actividades de apoyo a la agricultura
Cooperativa De Palmicultores Del Magdalena Medio,BUCARAMANGA,SANTANDER,(7)6849253,CALLE 36 21 67 OFICINA 102 Cómo llegar,Cultivo de palma para aceite (palma africana) y otros frutos oleaginosos
Ecologic S A S,BOGOTA,BOGOTA,(1)6047279,CARRERA 45A 104B 16 Cómo llegar,Silvicultura y otras actividades forestales
El Roble Agricola S A,SANTA MARTA,MAGDALENA,(5)4210147,CALLE 23 4 27 PISO 11 Cómo llegar,Cultivo de palma para aceite (palma africana) y otros frutos oleaginosos
Agricola Bahamas S A S,MEDELLIN,ANTIOQUIA,(4)4440009,CARRERA 43 A 19 17 INT 1206 Cómo llegar,Cultivo de platano y banano
Finca Cibeles S A,BARRANQUILLA,ATLANTICO,(5)3581226,CARRERA 53 82 86 OF 202 ED Cómo llegar,Cultivo de platano y banano
Vitaovo S A S,PEREIRA,RISARALDA,3105392020,VIA FLORIDA VEREDA LA BANANERA GRANJA LA MARIANA KM 8 Cómo llegar,Cria de aves de corral
Union Piscicola La Esmeralda S A S,NEIVA,HUILA,(8)8632235,CARRERA 5 10 49 OFICINA 501 EDIFICIO PLAZA REAL BARRIO EL CENTRO Cómo llegar,Acuicultura de agua dulce
Country Fresh S A S,BOGOTA,BOGOTA,(1)8606512,CARRERA 7 75 66 OFICINA 702 Cómo llegar,Cultivo de especias y de plantas aromaticas y medicinales
Hillside Flowers Sas,BOGOTA,BOGOTA,(1)2566016,CARRERA 55 152 B 68 OF 1001 Cómo llegar,Cultivo de flor de corte
Agricola Esperanza S A S,BOGOTA,BOGOTA,(1)6231799,CARRERA 13 93 24 Cómo llegar,Cultivo de arroz
Ganaderia Brisas De Agualinda S C A,BOGOTA,BOGOTA,(1)3589690,CALLE 105 14 92 OFICNA 608 Cómo llegar,Explotacion mixta (agricola y pecuaria)
Reforestadora El Guasimo S A S,ENVIGADO,ANTIOQUIA,(4)6040433,CARRERA 27 35 SUR 162 OF 343 Cómo llegar,Extraccion de madera
Agropecuarias Bombona S A,NEIVA,HUILA,(8)8715233,CARRERA 5 13 19 OFICINA 208 Cómo llegar,Cultivo de arroz
Comercializadora Chamorro Y Rendon Ltda,CANDELARIA,VALLE,(2)3385533,LUGAR KM 11 VIA CALI CANDELARIA CGTO EL CARMELO BG 8 LC 31 32 33 Cómo llegar,Cultivo de hortalizas raices y tuberculos
Agricola Yumana S A S,MEDELLIN,ANTIOQUIA,(4)4085042,CALLE 18 CR 35 69 INTERIOR 353 Cómo llegar,Cultivo de platano y banano
Agroavicola Italia S A S,BOGOTA,BOGOTA,(1)6236105,CALLE 94 A 11 A 73 P 3 Cómo llegar,Explotacion mixta (agricola y pecuaria)
G A Cadena Lopez Y Compania S C S,PALMIRA,VALLE,(2)2716468,CARRERA 39 T 23 87 BARRIO SANTA BARBARA Cómo llegar,Cultivo de caña de azucar
Cerpalmas S A S,MANIZALES,CALDAS,3206448166,CARRERA 23 18 10 Cómo llegar,Cria de ganado porcino
Ganados Monterrey S A,MEDELLIN,ANTIOQUIA,(4)2319404,TRANSVERSAL 49 C 59 110 Cómo llegar,Cria de ganado bovino y bufalino
Agroavicola La Fortaleza Sas,ZIPAQUIRA,CUNDINAMARCA,3124498853,CALLE 7 10 18 OF 301 Cómo llegar,Cria de aves de corral
Espacio Agropecuario S A S,GUARNE,ANTIOQUIA,(4)4019818,AUTOPISTA MEDELLIN BOGOTA KM 23 PARQUE INDUSTRIAL ROSENDAL BODEGA Cómo llegar,Otros cultivos transitorios n c p
Agropecuaria Llano Verde S A,APARTADO,ANTIOQUIA,(4)2304345,CARRERA 99 97 56 Cómo llegar,Cultivo de platano y banano
Agroganaderia Jj San Luis S A S,MONTERIA,CORDOBA,3108988136,CARRERA 6 N 62 B 32 OF 409 ED SEXTA AVENIDA Cómo llegar,Cria de ganado bovino y bufalino
Comercializadora Productiva De Colombia Sas,BUGA,VALLE,(2)2288244,CARRERA 15 6 33 Cómo llegar,Explotacion mixta (agricola y pecuaria)
Plantaciones Rio Grande S A S Zomac,APARTADO,ANTIOQUIA,(4)8280699,LUGAR KM 5 VIA APARTADO CAREPA SECTOR CHURIDO PUENTE Cómo llegar,Cultivo de platano y banano
Productos Agricolas De Exportacion Agrodex S A S,BOGOTA,BOGOTA,(1)6220020,CALLE 100 19 A 50 OF 405 Cómo llegar,Propagacion de plantas (actividades de los viveros excepto viveros forestales)
Buenavista Flowers Sociedad Por Acciones Simplificada,CARMEN DE VIBORAL,ANTIOQUIA,(4)3527019,VEREDA MAZORCAL Cómo llegar,Cultivo de flor de corte
Lebel S A S,CARTAGENA,BOLIVAR,3145968860,CARRERA 8 5 34 APTO 1601 CASTILLOGRANDE BARRIO CASTILLOGRANDE Cómo llegar,Explotacion mixta (agricola y pecuaria)
Avicola El Palmar S A,SAN PEDRO,VALLE,3113397202,VEREDA MONTEGRANDE Cómo llegar,Cria de aves de corral
Agropecuaria Y Comercializadora Del Meta S A,BOGOTA,BOGOTA,(1)6919932,CARRERA 15 79 76 OF 301 Cómo llegar,Cultivo de cereales (excepto arroz) legumbres y semillas oleaginosas
Inversiones Lera Sas,BOGOTA,BOGOTA,(1)7040176,CALLE 35 SUR 70 B 41 Cómo llegar,Cultivo de frutas tropicales y subtropicales
Vivero Marinela S A S,PALMIRA,VALLE,3154947609,CALLE 42 KM 1 VIA PALMIRA CALI Cómo llegar,Propagacion de plantas (actividades de los viveros excepto viveros forestales)
Orofrut S A S,MEDELLIN,ANTIOQUIA,(4)4121090,TRANSVERSAL 39 72 90 OF 204 Cómo llegar,Explotacion mixta (agricola y pecuaria)
Palmeras Del Carmen S A,BOGOTA,BOGOTA,(1)5202709,CALLE 94 11 A 76 OF 103 Cómo llegar,Cultivo de palma para aceite (palma africana) y otros frutos oleaginosos
Agricola Las Antillas Sas,MEDELLIN,ANTIOQUIA,(4)4440009,CARRERA 43 A 19 17 P 12 Cómo llegar,Cultivo de platano y banano
Aportes San Isidro S Asi S A S,BARRANQUILLA,ATLANTICO,(5)3535188,CARRERA 58 72 26 Cómo llegar,Cultivo de palma para aceite (palma africana) y otros frutos oleaginosos
Porcicola La Galicia S A S,ENVIGADO,ANTIOQUIA,3113158954,CARRERA 27 A 37 SUR 80 IN 130 Cómo llegar,Cria de ganado porcino
Agropecuaria La Montanita S A S,BELLO,ANTIOQUIA,(4)3227020,CALLE 50 47 80 Cómo llegar,Cria de ganado bovino y bufalino
Hersal Saldarriaga Y Compania S C A,MEDELLIN,ANTIOQUIA,(4)3417600,CARRERA 74 28 29 Cómo llegar,Cria de ganado bovino y bufalino
Castordelbe S A S,FLORIDABLANCA,SANTANDER,3182617135,CALLE 35 B 22 C 27 OFICINA 502 BARRIO CAÑAVERAL Cómo llegar,Explotacion mixta (agricola y pecuaria)
Terrazas Agropecuarias S A S,ANSERMANUEVO,VALLE,3186184372,LUGAR KM 2 VIA ANSERMANUEVO CRR ANACARO BAJO EL ANTIGUO PUENTE Cómo llegar,Cria de ganado porcino
Caicedo Munoz S A S,POPAYAN,CAUCA,3207272670,CALLE 2 5 48 Cómo llegar,Otros cultivos transitorios n c p
Garlema S A,CONCORDIA,ANTIOQUIA,(4)8446198,CARRERA 19 20 72 Cómo llegar,Cria de ganado bovino y bufalino
Promotora Agricola De Los Llanos Sucursal Colombia,BOGOTA,BOGOTA,(1)5112000,CALLE 110 9 25 OFICINA 713 Cómo llegar,Actividades de apoyo a la agricultura
Empresa Colombiana De Palma S A S,BOGOTA,BOGOTA,(1)6084581,CALLE 109 18 C 17 OF 615 Cómo llegar,Cultivo de palma para aceite (palma africana) y otros frutos oleaginosos
Cooperativa De Productores Lecheros De Guatavita,GUATAVITA,CUNDINAMARCA,3103298768,VEREDA GUANDITA Cómo llegar,Actividades de apoyo a la ganaderia
Avicola Junior Santamaria S A S,LOS PATIOS,NORTE SANTANDER,(7)5556110,MANZANA MZ 22 LOTE 308 Cómo llegar,Cria de aves de corral
Agroinversiones Osorio Lopez S A S,ITAGUI,ANTIOQUIA,(4)2854725,CALLE 78 46 112 BL 13 LC 41 Cómo llegar,Otros cultivos permanentes n c p
Exportadores Bananeros De Colombia S A S,SANTA MARTA,MAGDALENA,(5)4215217,CARRERA 2 B 14 21 OFICINA902 ED DE LOS BANCO Cómo llegar,Cultivo de platano y banano
Paninversiones S A,MEDELLIN,ANTIOQUIA,3155121407,CARRERA 43 A 19 127 PISO 6 EDIFICIO RECIFE Cómo llegar,Cultivo de platano y banano
Avicola Veneciana S A,ITAGUI,ANTIOQUIA,3168748281,CALLE 85 48 01 IN 29 032 Cómo llegar,Cria de aves de corral
Ganados Y Porcinos S A S,SABANETA,ANTIOQUIA,(4)3014242,CALLE 79 SUR 47 E 10 Cómo llegar,Cria de ganado porcino
Lacso S A S,SANTA MARTA,MAGDALENA,3157513829,VIA GAIRA KILOMETRO 5 Cómo llegar,Cultivo de arroz
Jota Uribe Ce Sociedad Por Acciones Simplificada,MEDELLIN,ANTIOQUIA,(4)4211017,CARRERA 80 52 B49 Cómo llegar,Cria de ganado bovino y bufalino
Compania Aeroagricola De Los Llanos S A S,GIRARDOT,CUNDINAMARCA,(1)8311144,CARRERA 7 29 15 15 Cómo llegar,Actividades de apoyo a la agricultura
Agroindustria Feleda S A,BUCARAMANGA,SANTANDER,(7)6707376,CALLE 37 15 25 OFICINA 404 CENTRO Cómo llegar,Actividades de apoyo a la agricultura
Compania Santana S A S,MEDELLIN,ANTIOQUIA,(4)4805023,CARRERA 43 A 16 A SUR 38 OF 1001 Cómo llegar,Cultivo de platano y banano
Yarigui S A,BUCARAMANGA,SANTANDER,3214066474,CARRERA 29 45 94 OF 903 Cómo llegar,Cultivo de palma para aceite (palma africana) y otros frutos oleaginosos
Agricola Terra S A S,BOGOTA,BOGOTA,(1)6294541,CARRERA 7 113 43 OF 806 Cómo llegar,Cultivo de arroz
Agropecuaria La Ceja S A S,APARTADO,ANTIOQUIA,(4)8280873,CALLE 100 A 96 83 Cómo llegar,Cultivo de platano y banano
Agropecuaria La Gota S A S,MEDELLIN,ANTIOQUIA,(4)2626740,CARRERA 43 36 39 OF 412 ED CENTRO 2000 Cómo llegar,Cultivo de platano y banano
Agropecuaria Y Movilidad S A S,BARANOA,ATLANTICO,3008030913,TRANSVERSAL 25 16 D 54 20 DE JULIO Cómo llegar,Cria de ganado porcino
Seixgar S A,TULUA,VALLE,(2)6615107,CARRERA 25 27 50 OFICINA 212 Cómo llegar,Cultivo de caña de azucar
La Porchetta S A S,BARANOA,ATLANTICO,(5)8787840,TRANSVERSAL 21 12 31 Cómo llegar,Cria de ganado porcino
Industria Agricola Y Pecuaria Del Interior Ltda,BOGOTA,BOGOTA,(1)6554300,CARRERA 9 84 40 APTO 401 Cómo llegar,Cultivo de arroz
Sagra S A S,BOGOTA,BOGOTA,(1)6854271,CALLE 86 N 8 38 OF 202 Cómo llegar,Cultivo de especias y de plantas aromaticas y medicinales
Dfl Servicios Agricolas S A S,PALMIRA,VALLE,(2)2855550,CALLE 35 29 47 APTO 301 Cómo llegar,Actividades de apoyo a la agricultura
Agromeseta S A,MEDELLIN,ANTIOQUIA,(4)3224740,CARRERA 29 C 10 C 125 ED SELECT OF 301 Cómo llegar,Cria de ganado porcino
Cultivos San Jose Ltda,BOGOTA,BOGOTA,(1)6101120,CARRERA 11 A 90 15 OF 305 Cómo llegar,Cultivo de arroz
Agripalma S A S,COTA,CUNDINAMARCA,(1)8767172,CALLE 14 A 2 49 Cómo llegar,Cultivo de palma para aceite (palma africana) y otros frutos oleaginosos
Inversiones Agricolas Eva S A S,SANTA MARTA,MAGDALENA,(5)4329900,VIA CARR TRONCAL DEL CARIBE KM 2 Cómo llegar,Cultivo de palma para aceite (palma africana) y otros frutos oleaginosos
Agropecuaria El Gran Rodeo S A S,BOGOTA,BOGOTA,(1)7284084,AUTOPISTA SUR 66 78 LOCAL C 03 Cómo llegar,Cria de ganado bovino y bufalino
Agrocolexport S A S,BOGOTA,BOGOTA,(1)7102184,AUTOPISTA SUR 66 78 OF 115 Cómo llegar,Cria de ganado bovino y bufalino
Cooperativa De Trabajo Asociado Agrovarsovia,RISARALDA,AVENIDA SIMON BOLIVAR 79 33 LA ROMERI DOS QUEBRADAS Cómo llegar,RISARALDA,8160055511,ORGANIZACION DE ECONOMIA SOLIDARIA
Inversiones Agrolorica S A S,MEDELLIN,ANTIOQUIA,(4)2661890,CARRERA 43 A 14 109 OF 204 ED NOVA TEMPO Cómo llegar,Actividades de apoyo a la agricultura
Best Amazon Export Fish S A S,BOGOTA,BOGOTA,(1)5470861,CARRERA 76 65 A 69 Cómo llegar,Pesca maritima
Fertilizantes Liquidos Y Servicios Sas,CALI,VALLE,3108462421,CALLE 38 NTE 5 N 31 P 2 Cómo llegar,Explotacion mixta (agricola y pecuaria)
Imp Agro S A S,YUMBO,VALLE,(2)4881818,CARRERA 29 B 11 90 ACOPI Cómo llegar,Cria de ganado porcino
Mariu Tropical S A S,MEDELLIN,ANTIOQUIA,(4)2501023,AVENIDA 33 75 C 145 Cómo llegar,Actividades de apoyo a la agricultura
Inversiones Agropecuarias Del Caribe Inacar S A,SANTA MARTA,MAGDALENA,(5)4225789,CARRERA 1 A 26 18 EDF TORRE MARINA 1 OFICINA 201 Cómo llegar,Explotacion mixta (agricola y pecuaria)
Porcicola S J S A S,MEDELLIN,ANTIOQUIA,(4)4797306,CALLE 37 B 84 A 63 Cómo llegar,Cria de ganado porcino
Flores La Aldea S A S,BOGOTA,BOGOTA,(1)6129811,CALLE 117 6 56 Cómo llegar,Cultivo de flor de corte
Censer Jhon Ruiz Sas,BARRANCA DE UPIA,META,(8)6236579,CALLE 11 5 48 Cómo llegar,Actividades de apoyo a la agricultura
Palmas Del Guariamena Sociedad Por Acciones Simplificada,MANI,CASANARE,(8)3363019,CARRERA 4 15 20 Cómo llegar,Cultivo de palma para aceite (palma africana) y otros frutos oleaginosos
Hacienda Primavera S A S,BOGOTA,BOGOTA,(1)7428970,CALLE 127 14 54 OF 311 Cómo llegar,Actividades de apoyo a la agricultura
Novara S A S,CALI,VALLE,3174411075,CALLE 9 5 34 BARRIO SAN PEDRO Cómo llegar,Explotacion mixta (agricola y pecuaria)
Agricola Uberaba S A,MEDELLIN,ANTIOQUIA,(4)5115540,CALLE 52 47 42 PISO 15 Cómo llegar,Cultivo de frutas tropicales y subtropicales
Funglus S A S,MEDELLIN,ANTIOQUIA,(4)5380430,CARRERA 37 ES CALLE 11 344 VIA PAYSANDU Cómo llegar,Cultivo de hortalizas raices y tuberculos
Agropecuaria Posada Y Cuartas Y Compania S A S,MEDELLIN,ANTIOQUIA,(4)2684904,CALLE 42 A 68 A 28 Cómo llegar,Otros cultivos transitorios n c p
Inversiones Villazon Gutierrez Y Compania S C A,VALLEDUPAR,CESAR,(5)5747540,CALLE 12 8 42 OF 217 Cómo llegar,Cria de ganado bovino y bufalino
Plantacion Santisimo S A S,ENVIGADO,ANTIOQUIA,3176404170,CALLE 25 SUR 5 31 OF 202 Cómo llegar,Cultivo de platano y banano
Gran Pacifico Azul Y Compania S En C S,CALI,VALLE,(2)3355543,CALLE 23 32 14 Cómo llegar,Acuicultura maritima
R Y M Ingenieria S A S,VILLAVICENCIO,META,(8)6709316,CALLE 38 31 58 OFICINA 408 Cómo llegar,Silvicultura y otras actividades forestales
Comercializadora Internacional Global Exchange S A S,LA CEJA,ANTIOQUIA,(4)5681879,VEREDA LAS LOMITAS KM3 Cómo llegar,Cultivo de flor de corte
Empresa Unipersonal Piscicola Canada E U,NEIVA,HUILA,(8)8713442,CALLE 7 1 07 BARRIO EL CENTRO Cómo llegar,Acuicultura de agua dulce
Cultivos Y Potreros De La Costa Ltda,CERETE,CORDOBA,(4)7638980,CALLE 7 CR 4 40 BRR PABLO VI Cómo llegar,Otros cultivos transitorios n c p
Agroganadera Montenegro S A,MEDELLIN,ANTIOQUIA,(4)3220681,CARRERA 52 67 A 91 Cómo llegar,Cria de ganado bovino y bufalino
Agropecuaria Del Abibe Agroabibe S A,BOGOTA,BOGOTA,(1)6760392,CARRERA 3 56 19 Cómo llegar,Cultivo de frutas tropicales y subtropicales
Forestry Consulting Group S A S,MEDELLIN,ANTIOQUIA,3016604868,CARRERA 81 6 A 51 IN 1701 ED PIAMONTE Cómo llegar,Servicios de apoyo a la silvicultura
Inversiones Avifom S A S,FOMEQUE,CUNDINAMARCA,(1)8485422,VEREDA RESGUARDO Cómo llegar,Cria de aves de corral
Agro Maca Sm S A S,PALMIRA,VALLE,(2)2855577,DIAGONAL 28 B 56 15 OFICINA Cómo llegar,Cria de ganado porcino
Grupo San Juanito Sas,CALI,VALLE,3183516244,CALLE 22 NTE 6 A 24 Cómo llegar,Cria de ganado bovino y bufalino
Sociedad Benaya S A S,PEREIRA,RISARALDA,3041452005,LUGAR ENTRADA 4 VIA CERRITOS URBANIZACION QUIMBAYITA FINCA VILLA JULI Cómo llegar,Cria de ganado bovino y bufalino
Arrocera Potrerito S A S,IBAGUE,TOLIMA,(8)2690269,FINCA CAUCHITOS Cómo llegar,Cultivo de arroz
Construcciones Y Fincas Sociedad Por Acciones Simplificada,MEDELLIN,ANTIOQUIA,(4)2665050,CALLE 6 SUR 43 A 180 Cómo llegar,Explotacion mixta (agricola y pecuaria)
A V Colombia S A S,MONTERIA,CORDOBA,3188247231,CARRERA 6 62 B 32 Cómo llegar,Cultivo de frutas tropicales y subtropicales
Covitran S A S,BARRANCA DE UPIA,META,3142188587,CARRERA 5 4 B 20 BARRIO EL PRADO Cómo llegar,Actividades de apoyo a la agricultura
Inversiones Zuri S A S,VILLAVICENCIO,META,3114657598,CALLE 15 3 67 BRR QUINTAS DE MORELIA Cómo llegar,Cria de ganado bovino y bufalino
Flores De La Montana S Monteflor S A S,LA CEJA,ANTIOQUIA,3117713563,VEREDA EL TAMBO Cómo llegar,Cultivo de flor de corte
Vame S A S,BOGOTA,BOGOTA,(1)2509321,CALLE 74 N 65 B 20 Cómo llegar,Explotacion mixta (agricola y pecuaria)
J Martinez S A S,BOGOTA,BOGOTA,(1)4673079,CALLE 27 20 34 Cómo llegar,Cultivo de cafe
